bids_name	cjv	cnr	efc	fber	fwhm_avg	fwhm_x	fwhm_y	fwhm_z	icvs_csf	icvs_gm	icvs_wm	inu_med	inu_range	qi_1	qi_2	rpve_csf	rpve_gm	rpve_wm	size_x	size_y	size_z	snr_csf	snr_gm	snr_total	snr_wm	snrd_csf	snrd_gm	snrd_total	snrd_wm	spacing_x	spacing_y	spacing_z	summary_bg_k	summary_bg_mad	summary_bg_mean	summary_bg_median	summary_bg_n	summary_bg_p05	summary_bg_p95	summary_bg_stdv	summary_csf_k	summary_csf_mad	summary_csf_mean	summary_csf_median	summary_csf_n	summary_csf_p05	summary_csf_p95	summary_csf_stdv	summary_gm_k	summary_gm_mad	summary_gm_mean	summary_gm_median	summary_gm_n	summary_gm_p05	summary_gm_p95	summary_gm_stdv	summary_wm_k	summary_wm_mad	summary_wm_mean	summary_wm_median	summary_wm_n	summary_wm_p05	summary_wm_p95	summary_wm_stdv	tpm_overlap_csf	tpm_overlap_gm	tpm_overlap_wm	wm2max
sub-2500_T1w	0.301025104159481	4.366493996705873	0.5627847710520477	10584.490362811792	4.006876806639557	3.99086	4.15265	3.877120419918671	0.2466855392997385	0.42380694571197797	0.32950751498828357	0.5753490328788757	0.21010169982910154	0.0	0.004871310509499285	19.55930959054706	11.315494230288463	17.461721721956675	256	256	160	1.9015568303730526	7.3174318966268945	9.308326287939726	18.705990136819228	23.076101087418813	71.19631826634304	72.45286561475963	123.08617749051702	1.0	1.0	1.0000076293945312	3.5262160697154012	5.322465225934039	10.240271065009575	3.5899482406675816	1801048.0	0.0	40.730400409549475	14.670033614354796	0.29728513658352496	100.30547120232482	192.83442646874647	187.47507479041815	21806.0	42.44227387616411	363.7537215030752	98.58804798405528	0.3136324512556232	76.7650617308326	576.7276166225848	578.4137901468202	30178.0	443.11484580487013	701.3506812415085	79.04469968016222	0.3993449178383144	50.13630823935397	997.0563502961752	999.9778664205223	190069.0	904.8885583914816	1081.593788459897	53.45748760357829	0.14983680291228574	0.47312155350348367	0.5120030951719653	0.7382413087934561
sub-2502_T1w	0.2912356934453081	4.474436090561576	0.5425262084527898	10679.387391911958	4.231771977989719	4.23622	4.372059478809896	4.08703645515926	0.23494627443547106	0.42669682221711885	0.3383569033474101	0.5352244079113007	0.20471054315567017	0.0	0.004863448036653735	22.145009123485362	12.301131337807254	18.512046469395624	256	256	160	2.070676313377087	7.6858707946402705	10.06751678182604	20.44600323746076	24.42902616299325	70.64942012591426	71.66956927564176	119.93026153801777	1.0	1.0000001192092896	1.0000228881835938	4.196249886193011	5.462396347541751	9.343892860645289	3.6843303479254246	1843589.0	0.0	36.00182062201202	12.93485195921197	0.01669778470409744	104.56105601066031	205.54032615060567	203.68433701246977	28394.0	48.00204844968393	368.36594359176223	98.36435995111724	0.23061671466494182	74.28184662737331	589.332808716446	589.0607428494841	30485.0	463.38868953734635	714.0050272040069	76.64077331302339	0.46800008361037904	45.385095578958	996.7091040144524	999.9545477628708	183600.0	911.5533621925861	1073.231784682721	48.906958145213665	0.1489457263535321	0.48797706351888714	0.5291377026206581	0.7486305286823364
sub-2503_T1w	0.29573344288540987	4.492576501002449	0.5538951841376626	14689.44	4.187524776049753	4.19186	4.40333	3.9673843281492585	0.2484404031722946	0.41347889015866973	0.33808070666903567	0.4979998469352722	0.15149492025375366	0.0	0.0045179132531231875	17.062903345205097	10.110700947481261	15.123559475771284	256	256	160	1.9378579858435279	7.112855971197866	9.513796725720281	19.49067622011945	8.604438026419743	26.88124427336838	27.584671347332492	47.268331742209355	1.0	1.0	1.0000190734863281	3.4838531807119955	0.0	9.505079075310515	0.0	2002069.0	0.0	38.69208622351289	13.859943157188388	0.23330947838329852	97.32604865158883	189.35713399182916	182.0338817164302	38812.0	48.194438006915156	350.8512627594173	93.93440487328778	0.10894484629694379	79.59814283347285	567.5096813515014	568.6945766154677	37478.0	432.9569520218298	694.8164164671674	79.95199000545259	0.5143944668087337	47.9532909335983	996.5030250423587	999.9999863877892	218630.0	908.3586439229548	1076.9054509364069	51.30646510787019	0.14780526717768755	0.4650835750289657	0.5019528765456337	0.8370237452309193
sub-2504_T1w	0.30925489564521597	4.314800792693728	0.5586841968318251	3416.529566398866	4.1111756114408955	4.13018	4.31268	3.890666834322687	0.2596439442886664	0.4239336333106222	0.3164224224007114	0.5857499241828918	0.1719767451286316	0.0	0.003498259188852784	19.33013834414757	11.502329516196268	18.06105733949331	256	256	160	1.6206608632083688	7.041443753103774	8.614041252131583	17.18001914008261	17.656407394774607	62.8855917817772	63.90326123011985	111.16778451380773	1.0	1.0	0.9999237060546875	10.576185920789582	5.893221640988949	12.024565088804147	3.9749175924807787	1998076.0	0.0	46.55117394402623	17.037514850811302	0.16591915883171415	103.55682519941008	171.13704308132316	158.8266537487507	20749.0	32.39451556652784	346.5745528254656	97.99880405298723	0.078088881219875	79.57424943046576	564.4472667676938	565.681788395159	28692.0	428.9223041578196	693.5136502322739	80.33465157321953	0.43769595396311756	54.740780697314456	995.4398826607325	999.9999900441617	167763.0	893.5912335310131	1084.9824527967721	58.20697878686877	0.1546166559433985	0.48095549502039747	0.5125628532953437	0.7875617309784884
sub-2505_T1w	0.3088816452626775	4.352288143707842	0.5845590702835378	8523.866169917452	4.46130942396266	4.5467	4.5904502736121575	4.246777998275823	0.2518605804034694	0.40413050918336213	0.34400891041316844	0.6275902390480042	0.20814688503742218	0.0	0.0034163159822454894	17.5499137218582	10.4384793505061	14.773191965744452	256	256	160	1.8726878444572923	6.948808412264216	8.633909716239945	17.080232891998325	18.90221507473306	62.68564024979713	64.53381294832356	112.01358352044048	1.0	0.9999999403953552	1.0000381469726562	39.14269585456471	5.84885190321387	12.042724267558821	3.9449906591326	1873314.0	0.0	46.7668725065887	18.009664352626345	0.3010280813896662	91.65379658388214	177.7239083979752	168.7530361842364	45465.0	44.805396704003215	336.6024711560458	90.11175077413114	0.08597477809770693	80.05411822834625	560.0670231650583	559.6376972477883	34604.0	428.32901374436915	691.0532701629214	80.53605419405858	0.6285884050595856	55.97253245924781	998.3069237539447	1000.0220735091716	222814.0	900.1190419010818	1089.9932054494502	58.54837201320843	0.1486124812473878	0.4546453391655743	0.5002624300515183	0.7620399733673092
sub-2506_T1w	0.32317932930404936	4.064527817741035	0.5874821255552725	4334.277150051654	4.147974739487201	4.15922	4.278330255008355	4.006373963453249	0.23892697061830093	0.42598451143889376	0.33508851794280536	0.5031076669692993	0.15431088209152222	0.0	0.003646773027468546	19.38463818806912	10.831219275672	16.008919425243864	256	256	160	2.1271347886808876	8.409754228730403	10.026651745119993	19.543066217948688	23.502479215013896	75.59554996767636	73.21558478273653	120.54872516551933	1.0	0.9999999403953552	0.9999465942382812	4.486389618945564	5.434619130922728	11.142954450530963	3.6655949000269175	1610498.0	0.0	43.12968970090151	15.456175545042083	0.6891874143944605	87.81200385227777	201.02379583149056	194.96248898096383	33957.0	58.242230078205466	358.71811798848205	91.65362687461835	0.2124210985209749	71.82596044377406	625.6015881708923	627.0953988619149	41443.0	499.9164048129693	745.7663542218506	74.56672525769761	0.3503378737602123	48.68910238931941	997.365620103936	1000.0000122003257	211864.0	910.0750378984958	1078.0064440201968	51.16892308713388	0.1425035337551298	0.46132913292977185	0.49363448454785724	0.7980770875746326
sub-2507_T1w	0.29952632556112846	4.480702347717377	0.5432721656446688	9611.161151769145	4.105753333333333	4.1471	4.23536	3.9348	0.24869082931703504	0.4303090006726275	0.3210001700103375	0.6935058832168579	0.23554306924343105	0.0	0.004621139253802326	20.31878680593819	11.627150735232041	18.231000416592273	256	256	160	1.923969831382393	7.494441705543663	9.377752573018254	18.714846182128706	18.811919067157476	58.132398061944606	59.32256720780044	101.02338449429925	1.0	1.0	1.0	3.539135062041657	6.484997330437088	10.83118728989579	4.374064229428768	1927075.0	0.0	42.056510612368584	15.099705548093336	0.13964632861491788	101.57517209010818	193.42770217714516	186.21350444108248	27637.0	46.220058381557465	360.3807892128825	96.78433229904816	0.2100633150108675	75.04563755650192	574.8069839088671	575.4350487068295	30133.0	447.70301692038777	698.8444758430123	76.78030238708938	0.29371692859711906	52.12273255426173	999.0239554830118	999.9999675750732	170848.0	909.8521411567926	1084.6041938737035	53.43335613133696	0.1384198946089158	0.4576661238898357	0.48150384913486577	0.6962739385187583
sub-2508_T1w	0.28575652093928194	4.574664741390028	0.5308211133537214	16393.793812893786	4.049356515759546	4.02691	4.15933	3.9618295472786365	0.23174298183016287	0.44590312967362705	0.32235388849621005	0.524486243724823	0.1750987589359284	0.0	0.004235118924848437	22.50647760315702	12.132258321968212	19.427958296355406	256	256	160	2.0494286072699075	7.880259549391109	9.56063105372983	18.752205004528474	26.835881551007265	76.79129711292029	78.7108434922461	132.50535181281074	1.0	1.0	1.0000152587890625	7.472964242978483	4.944226170030378	9.579990934698975	3.3348298743367195	2229543.0	0.0	38.13677240908146	13.98968299942074	0.08800434174371485	104.03475899438921	206.6709085466104	202.52678352221847	26172.0	50.51412175036967	372.7719863185658	98.81920922589363	0.25692646273495967	71.02571055793639	579.0939979576474	579.5335762389004	35863.0	457.1709723882377	698.9653776807711	73.54142242709263	0.5348052859439805	49.12532412530183	996.0886682204493	1000.0000428948551	168523.0	903.1830909661949	1079.0098583791405	53.32690612622736	0.13356911960547807	0.4696142586550209	0.48451201552608	0.7664165410577364
sub-2509_T1w	0.3172945362361756	4.149814794128398	0.5543029541354774	11988.060099999999	4.08517304261461	4.0942	4.253089492992223	3.9082296348516063	0.24758240028321196	0.42317390916078124	0.3292436905560068	0.519058883190155	0.1679856717586517	0.0	0.003894418871214312	20.80618223557125	12.031626763686134	18.03832335744054	256	256	160	2.0168657798473775	7.990666010068047	10.042172571398165	20.11898592427907	27.058463888433227	82.6595083353827	81.3511289575135	134.33541464872454	1.0	1.0000001192092896	0.9999847412109375	5.513551094093115	4.876759886199082	9.719494891696069	3.2893245574086905	2019689.0	0.0	38.246904853731394	13.882909806193567	0.3478979872803385	96.52621291994045	207.7540909174382	201.4200878981501	32815.0	50.98906763922423	382.29210556112224	99.86634750943047	0.2817337752497404	74.22764875063017	614.7605076109901	615.3078572079539	35232.0	486.3436495605856	739.1860885396597	77.002232872791	0.5045803971751974	47.825879711552375	998.1957636239233	999.9773504491895	185810.0	914.9539818894118	1076.743380120024	49.703034901920226	0.1391577776030295	0.46522362553582025	0.499085970510317	0.817458014710264
sub-2510_T1w	0.29791059348506976	4.447945870081376	0.5398066519548278	14589.281048929051	4.20489396298804	4.22742	4.40099	3.9862718889641187	0.23847760418520664	0.4098922480649159	0.35163014774987744	0.5177743434906006	0.16026892513036728	0.0	0.004669639886495447	20.342376762803262	11.753096975375616	16.817948887679798	256	256	160	2.201545942969393	7.120083276831626	9.918569606520505	20.434079599760494	27.756897517552627	81.50618799996644	83.60260907514815	141.54474170792537	1.0	1.0	0.9999694228172302	3.596099604478047	4.62847558058068	8.692968974289345	3.121859338134527	1803158.0	0.0	35.15299145132303	12.594109956902932	-0.0974764178202161	93.4888663502221	197.0834295353819	196.0998081509024	32269.0	54.097973462194204	344.4651040658354	89.0723040491727	0.18276990794335646	79.38152639571248	574.0980946821054	575.8333696983755	29204.0	438.3892358173616	702.1617599017918	80.87314268890071	0.5252821648349588	46.982197331647725	998.047649829442	999.9999703187495	215136.0	915.3248814214021	1074.8818292375654	48.93773861077545	0.13711679724630133	0.4467019081094892	0.5012958959185715	0.794546381243629
sub-2511_T1w	0.2914588208404898	4.509964118801237	0.563602792625129	10793.2310430839	4.458129534646605	4.430800264096275	4.646929446042843	4.296658893800696	0.2539472419169622	0.4168100104682528	0.329242747614785	0.5805578827857971	0.18646277189254767	0.0	0.004009200749138355	17.943593144009643	10.570183984903803	15.594183537765623	256	256	160	1.811958978314638	7.793499654229126	9.280964898521415	18.23743606302048	19.713591609079884	68.70383351917994	69.08271182383747	118.83071034325258	0.9999999403953552	1.0000001192092896	0.9999350905418396	4.047927207367923	5.5133094100034015	10.84362705352548	3.7186706867069006	2031565.0	0.0	43.26985024474561	15.448128345053131	0.1309479617156022	95.54278387971212	174.62170611787002	165.90000208094716	45287.0	40.47547342814505	335.6197023181244	91.55735444609938	0.17313426420152833	72.94777595085425	577.2720834311395	578.1780585609376	45427.0	454.06473749130964	696.6746822291984	74.18640153490675	0.8116216011823476	50.00221077627362	996.6537843601337	1000.0214818362147	207003.0	902.734178205952	1082.1546650379896	54.83331444737391	0.14892957188144126	0.4703817317984169	0.5174581840676431	0.776416996691451
sub-2512_T1w	0.2996055539702407	4.351850289637738	0.5435002603507783	9964.476049382714	3.9157998476302804	3.8345095428908413	4.12534	3.78755	0.24425758198643926	0.42629155103190014	0.3294508669816606	0.554556667804718	0.21072649955749512	0.0	0.00437201264762216	19.909372503721073	11.387017512903084	17.678909327264613	256	256	160	1.8276275451673998	7.159488036702793	9.516475007577244	19.562309440861537	21.19449773718973	67.95204698985887	68.81199852101825	117.28945083600617	1.0000001192092896	1.0	1.0	7.56894359321562	5.58551178618188	9.566391075971776	3.7673704493790865	1942668.0	0.0	36.63598568737507	13.486386757051914	0.1461464623543094	106.15817011581609	188.1785148197792	180.69842694327235	27715.0	41.72080783881247	359.0574747512117	98.86870410358576	0.3527332344564975	77.26067201245594	577.88228427243	579.3403623383492	31230.0	440.6548836369999	706.2702916913665	80.91794886898907	0.5016563697673293	48.76452804942025	997.6374066490407	999.9774246085435	188069.0	910.3049842715263	1077.7612168807536	51.11741888601283	0.14374959903501763	0.4721340100036976	0.5045628932353918	0.7257678957364595
sub-2514_T1w	0.32470499530050084	4.115249250971982	0.5966992997472306	1606.0397523102515	3.967944494278514	3.927619531791266	4.181640249245182	3.7945737017990937	0.26852686994956115	0.4120471477687678	0.3194259822816711	0.7336507439613342	0.24945132136344916	0.0	0.0030619824218029216	17.618370447747022	10.964159260062143	16.842800460025202	256	256	160	1.7814266060666522	6.846563493733568	7.961437653690619	15.256322861271636	5.125277844041987	17.691459965995474	18.1324435590749	31.580592867187235	1.0000001192092896	0.9999999403953552	0.9999542236328125	16.66943600434245	0.0	13.853472044631696	0.0	1471933.0	0.0	55.192617416381836	20.74551271742556	0.5248369762195786	93.33857213921942	170.1944332008826	162.29676246643066	20709.0	35.91621494293213	332.87241754531857	91.10273943281291	0.2231918293249895	79.2661210582017	558.5854308576645	560.216784954071	34157.0	420.58883743286134	689.9721676826476	81.82332418186162	0.25963775662547084	63.543197319533746	997.9747395546511	1000.0292930603027	197520.0	886.5094456672668	1102.1532125473022	65.54834809718798	0.14701066411298244	0.46170895840014137	0.49844374445624456	0.5735311413162183
sub-2515_T1w	0.33402924604536816	4.029947563626857	0.6089972475760607	1985.482468701298	4.208477325685737	4.24584	4.415340263174787	3.9642517138824247	0.2561708913755783	0.4130976241675268	0.3307314844568949	0.7649959325790405	0.31000413298606866	0.0	0.0033059728120501787	17.998522342425055	10.807118760237817	15.973236760354121	256	256	160	1.681265148854202	7.2818671285768914	8.360210803885058	16.11750013422408	13.562579492170117	48.88098181472954	48.77051111803445	83.8679720472037	1.0	0.9999999403953552	0.9999465942382812	9.71247194352677	7.811735198688782	14.975086723067205	5.268935322761536	1685545.0	0.0	57.107575034722686	21.453677998706628	0.22917240821003526	100.3116308977458	174.19216448846166	161.71789508871734	33510.0	37.733260774984956	346.1031890138984	96.18678065223173	0.13863555507431302	79.33793561168295	581.7082464554393	582.8485277090222	31409.0	447.9418295491487	709.9067076276988	80.03980833154377	0.32660095877613404	60.01202821909351	999.6790914088313	1000.0274588372558	205623.0	897.2310795376077	1100.4939807988703	62.04591399440859	0.1612537574897725	0.45455352263012394	0.5065392282313702	0.6212557750993062
sub-2516_T1w	0.3286846479243674	4.0352280317153815	0.5850009044007793	3516.4900000000007	4.047266666666666	4.07885	4.20436	3.85859	0.2395166813891355	0.4283765188970443	0.3321067997138202	0.6069844365119934	0.25101171731948846	0.0	0.004877721999298123	17.932209360150292	10.009566328389532	15.17054702220874	256	256	160	1.959315089401876	7.748828250695605	9.066497067205423	17.491347861518786	19.0323626691947	56.7808165713606	56.632774622490025	94.08514462691477	1.0	1.0	1.0	2.6812247695084244	6.963228983332911	13.301421957133718	4.696626577526331	1937655.0	0.0	50.37549217417836	17.9046738305457	-0.09308212003500937	112.18928321369877	208.42773236657564	202.28871325030923	37246.0	50.37549217417836	385.4154284717515	103.2432194035145	0.19543633770464863	76.24205541649283	599.9303526592622	603.5045948401093	33247.0	466.5395202822983	721.9549475699662	77.88216478300785	0.38218160662029543	54.07990022588504	997.4355541815148	1000.0000091083348	212357.0	900.7033101469278	1088.5254599086936	57.170988908174245	0.13976549480071876	0.45856288075495777	0.47978063297840345	0.7066668044789056
sub-2517_T1w	0.31447196895637686	4.20622304143286	0.5683543999535807	11530.032828918751	4.035153928577606	3.9559295284164513	4.29134	3.858192257316366	0.22437502018668648	0.43459540243264044	0.3410295773806731	0.5236492455005646	0.17259107232093807	6.926584903173047e-05	0.004716981239704321	19.268873368538635	10.29994743637403	15.612222092224432	256	256	160	1.8280381672958408	7.557192515747782	9.686479421640318	19.67420758187733	22.835966805309887	74.11445565304896	73.55116668646632	123.7030776010401	1.0000001192092896	1.0	1.000030517578125	6.194553777586307	5.2960397551692	10.295118223562792	3.572124531492591	1603413.0	0.0	40.67892117984593	14.635240866901986	0.020805185573658402	107.87872495226472	193.70837656989167	184.60306593962014	26747.0	45.03041833639145	368.7883015552535	100.98236366083191	0.1743107863677129	77.27403460951423	597.6909964756085	599.1318808896467	40168.0	464.2105724112131	723.65397713352	79.27870327097298	0.3564957885578601	48.78776016883141	997.3021682338865	1000.0000256616622	218647.0	910.0257859472185	1076.7898784689605	50.82785340686796	0.1444158909019289	0.45937676634871744	0.4936998619061343	0.8003708067646244
sub-2518_T1w	0.34808777653286893	3.890015062061908	0.6026003395133325	2181.499172967864	4.196093339720261	4.247789493624032	4.39685	3.9436405255367526	0.2554903169604745	0.40613543902153837	0.33837424401798716	0.6816760003566742	0.2693524390459061	0.0	0.0030447997972600904	18.888937967840562	11.349705883971364	16.341079063603548	256	256	160	1.884991454948164	6.9900314097234535	8.016361433236279	15.174061435037219	19.099960893074588	59.77973853727529	60.63211353035435	103.01664116071318	1.0000001192092896	1.0	0.9999542236328125	5.4702260175212665	6.359668961170607	13.896445828755107	4.2895315289497375	1767672.0	0.0	55.482629120349884	20.160205955878165	0.052360711048484276	102.86677663969944	191.60616201999298	185.41089832782745	36028.0	43.012515604496	363.0080516546965	98.3603000815958	0.08037778432942222	82.43243046938078	579.3356591498197	580.3056396842003	27096.0	441.24160592257977	713.7909384518862	83.01749981430659	0.3039852033759707	63.666194190516684	997.9681036833141	1000.0234077572823	200695.0	887.0891842246056	1103.1128048300743	65.90331274422078	0.14693294999233475	0.4627315877757415	0.5038703930335409	0.7014864020520241
sub-2519_T1w	0.3134392921975885	4.30198566255669	0.5552379487434208	7989.109421487603	4.162402476399928	4.20471	4.31202	3.9704774291997826	0.23122253424214917	0.4184790205247071	0.35029844523314374	0.6054966449737549	0.20592335462570188	0.0	0.004221922594286245	23.43756644024432	12.905339045553417	18.40964355624024	256	256	160	1.8690615014219105	7.094757532023429	9.16670787213199	18.53630458295063	18.954589415658784	62.27274087775077	63.131048183760356	108.1658142578715	1.0	1.0	0.9999427199363708	4.755194841666915	6.056778821564512	10.576066610276522	4.085235234349966	1794345.0	0.0	42.44105493463576	15.231133315629641	0.27848025713282	95.11386001271678	182.576367840827	175.23641755245626	20556.0	40.90278734639287	344.9754197895527	93.75408725288727	0.07842026529388768	80.60750085983388	577.2511147629349	575.715558025986	31405.0	446.02194808609784	711.663108324632	81.14532305985479	0.2566279310200108	52.37992054945606	998.9456353098735	1000.0000198651105	188076.0	908.2335321009159	1085.4873497691005	53.9480432513797	0.15279061301968794	0.48250642730435944	0.530355448507502	0.6840121015721121
sub-2520_T1w	0.29129463944391776	4.525886780779871	0.5512259426600652	10230.40297520661	4.203126349216996	4.15275	4.405169474862877	4.05145957278811	0.23733770723398898	0.42213980418147723	0.34052248858453377	0.5605038404464722	0.22477459311485287	0.0	0.004020859358593829	21.069630194093886	11.846853410836792	17.573103174804054	256	256	160	1.9337918406613577	7.438585393876152	9.53906389545475	19.24481445182674	23.34330798626249	70.93493389709725	72.59010595954591	123.49207599527799	1.0	1.0000001192092896	1.0000075101852417	7.030866901225796	5.305088412933424	9.266724381678891	3.5782277584075928	1957963.0	0.0	36.745646595954895	13.408572314735755	0.031103370270860076	103.22817870166287	195.8477322344686	189.0267625451088	32312.0	47.04452008008957	364.2911106348038	97.74776867072316	0.11273336365325992	76.29465291292395	573.974548833841	574.4087733328342	26478.0	445.371228531003	698.6294730752707	77.21870435162728	0.6795241941537302	47.67778176238885	996.7761383149737	999.9999716877937	182453.0	907.2779980301857	1078.3081099390984	51.961905569705976	0.14023983835970713	0.45914645245608554	0.495438781314451	0.7299608545787674
sub-2521_T1w	0.3071750891124759	4.300658335168874	0.5352657356513226	11932.470719117124	4.118625150431349	4.16954	4.18200024926664	4.004335202027408	0.2302461682723825	0.43847199286717325	0.33128183886044427	0.5211034119129181	0.1617645427584648	0.0	0.004513414859202265	23.85993181599483	12.819537651999351	19.38319484635012	256	256	160	1.9196949127039191	8.811389894645862	10.77545882379597	21.59529166403813	23.994767711073294	72.7882103718203	70.77223107148903	115.53371513157347	1.0	0.9999999403953552	1.000003695487976	3.551113687634113	5.670521145605361	8.837402982829275	3.824708390980959	2057845.0	0.0	33.59292068704963	12.02593370629766	0.2640296000215949	108.86717404243545	215.14823824427555	207.68627371266484	29749.0	47.31118198819458	401.769488184154	108.18530677245207	0.3237464192459205	68.62696976819981	629.5489223243236	630.0170255601406	38586.0	510.81169400690123	745.5762119153515	71.49937401893872	0.324382082615831	45.022571505469074	999.5861470831426	999.9999613575637	174101.0	922.9528236500919	1074.7660982776433	46.30625531780209	0.14478314823619068	0.4806625891243581	0.5101737817752755	0.7320275221906465
sub-2522_T1w	0.29931390903685706	4.38612424379268	0.5766625759870952	10717.477910417307	4.206700346326293	4.18925	4.36251	4.068341038978875	0.21728324064088625	0.4265708261572056	0.3561459332019081	0.45249637961387634	0.11785004138946531	0.0	0.0015982287798888082	24.391188638844767	12.697721289039725	17.779316534793523	256	256	160	2.019651405062755	8.352560069809602	10.709801547156784	21.757193166597993	9.417633064501556	28.042139442944567	27.700603559072928	45.642038169772654	1.0	1.0	0.9999923706054688	59.00873648254386	0.0	8.724863324978752	0.0	1668943.0	0.0	33.12867632135749	14.353426030635482	0.48452758567934984	101.02099972097608	209.38364428854905	206.3315358068794	28652.0	46.252236902713776	384.13659519217896	102.16017210207698	0.18160598581743237	71.11483930048063	615.7081961078441	614.377058327198	48131.0	495.12661456502974	737.835739351809	73.55477492130191	0.3828047104239416	44.29980389491273	999.1480013982049	999.9743851162493	199515.0	922.3330471739173	1072.8574730232358	45.96051850269171	0.1300824058881029	0.47725837698746226	0.5137886125022714	0.6763036783279698
sub-2523_T1w	0.32310064450524656	4.153445447731809	0.5965524535227749	11877.809970255801	3.995922045565177	3.992780237988248	4.11961	3.875375898707285	0.2111097495662339	0.458859036796775	0.3300312136369911	0.5640000402927399	0.1986964046955108	0.0	0.004195876961710665	23.452497701501684	11.406133799249252	17.77612987598339	256	256	160	1.981957939921061	9.200164985404575	10.384884601648707	19.97253087962049	25.065036817434393	73.55264047125165	71.19685865409765	114.97289867360692	0.9999999403953552	1.0	0.9999236464500427	3.9873604919845462	5.698180998608148	9.518081500716033	3.843364678323269	1594643.0	0.0	38.14358152449131	13.471703192501135	0.10361062167530743	113.53356857604159	225.3111099494311	218.00821404904127	25445.0	53.565384447574615	411.99902467429627	109.99422626746677	0.13817508955194402	68.01979581986329	640.2072829121682	639.7389281541109	52137.0	526.4346036687493	756.731915846467	69.53492616355848	0.30289019548375684	48.38078206365408	999.1619119766681	999.9999795109034	174947.0	915.8327102661133	1080.082163028419	50.06862312671782	0.14434047881024503	0.47716465961908544	0.4974092487887851	0.7168850072780204
sub-2525_T1w	0.30492859698625624	4.304027320496581	0.5816016045292707	11728.987130245932	4.089611263704987	4.05596	4.31729	3.895583791114964	0.2208926496735278	0.43328935476163266	0.3458179955648395	0.4868535101413727	0.17412234842777247	0.0	0.004309116292167373	18.548979209255407	9.683164874976276	14.1955376028603	256	256	160	2.0888118988945243	8.623440644615322	10.46474150019935	20.681971957088205	27.54027432258487	77.43362566816096	76.48512567360693	124.48147703007497	1.0	1.0	0.9999733567237854	4.579944817758063	5.262803955350641	9.295443784750962	3.5497073251754045	1905222.0	0.0	36.35623808205128	13.038620800691215	0.5985625080027961	105.28960015131442	228.04420038801734	221.23494380153716	39658.0	60.92948270859197	408.18468895405545	105.91291375535148	0.31703997555223484	69.35504066000303	621.2101240574782	622.0353371351957	51755.0	500.6670000553131	738.248685233295	72.13238350193087	0.3580712542868638	45.89030964888553	998.5937843535912	999.9774240627885	244489.0	917.6558675598353	1077.121381983161	48.350098390031356	0.14299994719698003	0.4640167285484796	0.5056620085371398	0.7605977746822817
sub-2526_T1w	0.30991507844758376	4.307061085251655	0.5544611137545351	11522.116363874575	3.9808566666666665	3.99963	4.11697	3.82597	0.2154452705818095	0.4547466526519547	0.3298080767662358	0.539344996213913	0.19654780030250552	0.0	0.0038982338369697063	24.078148331353177	11.898763825185496	18.236280338361134	256	256	160	2.082791865598698	9.077846333620615	10.309925306137744	19.769137719193925	26.96482799201314	70.31638023185538	69.81320402626353	112.15840385492213	1.0	1.0	1.0	8.76712269284933	5.841170997316198	9.462884475771471	3.9398099668323994	2170866.0	0.0	35.78872537612915	13.197104646830502	0.16125267618059214	119.98895777712755	241.35505898863173	240.41737142764032	28978.0	53.12007651086897	429.9552743997424	115.42834744492569	0.1687216249816732	67.41841880128179	627.3128537454103	626.938147302717	44069.0	513.5224565155804	740.2775837033987	69.06164866418165	0.6473390026902699	48.199081971402684	999.4862606345106	1000.0000239685178	173092.0	915.7135088071227	1080.7025829665363	50.58375077007629	0.13892335162006017	0.48436106230757386	0.5024119589691775	0.6582769292667933
sub-2527_T1w	0.33695977984987285	3.9874373302906827	0.5247123980169843	9725.440311418684	4.190182778618886	4.10639	4.399720262243764	4.064438073612892	0.23888994199774916	0.4181414502652342	0.34296860773701665	0.6107075214385986	0.19237709045410156	0.0	0.003001414400262816	25.31394614345549	14.213630712056629	20.09431306849072	256	256	160	1.7793887991773893	7.884010980333262	9.799827631766226	19.736083115788023	18.525935835766603	64.64192817113194	62.38556419113473	103.98882856650565	1.0	0.9999999403953552	0.99993896484375	33.52535662517488	6.299897982020368	9.86637823339858	4.249216616153717	2070282.0	0.0	38.72098641470075	14.857205349555674	0.41271183774941633	101.48741905410935	186.9163861749444	178.1484066322446	23044.0	43.64211040828378	369.09757832065225	100.11557972933653	-0.00967058017718081	78.70935041286697	621.8005243691118	621.6072757355869	25222.0	492.0061689428985	751.7899940526112	78.84247681088382	0.38887596054853857	48.78483499827022	999.5628255970006	999.9734578002244	160556.0	915.7858535926789	1081.39907120727	50.66711250824984	0.1513413818047182	0.47272274225420274	0.5142392418866814	0.664752655225891
sub-2528_T1w	0.2942113531189211	4.508170766367161	0.6166310431228592	15305.77109682219	4.151317815503556	4.166319503336012	4.274900254803911	4.012733688370744	0.22695150907085312	0.4294059495424228	0.3436425413867241	0.4464821070432663	0.13306245058774951	0.0	0.0036697096411746383	17.784017900280634	9.588794188419879	14.139860805522089	256	256	160	1.9659339451565112	8.504110552909895	10.503258719001373	21.03973165893771	29.49489253747064	91.35221484577384	90.3185434095583	150.10852284543046	1.0000001192092896	0.9999999403953552	0.9999542236328125	4.688472820185152	4.364418404688458	8.643983613288666	2.9437554795295	1458789.0	0.0	34.761367896571755	12.595655955400078	0.34855674063953046	97.0850945128039	206.78066080597242	196.49045883398503	40340.0	57.389661346841606	386.153910279274	99.9464014919713	0.21509309294664192	69.5366379158342	609.5896713386621	608.5744705712423	44644.0	492.6092946063727	726.833061709348	71.56158788002267	0.3865157916244195	45.62519665610488	997.3523002576339	999.9999997057021	235706.0	916.2177958805114	1071.5687499456108	47.52902245271576	0.14425765763959417	0.4622960727124635	0.49087891128165173	0.8307836403371839
sub-2529_T1w	0.30239031948116113	4.286653826168039	0.5464637300653501	5552.352079873428	4.194877321491988	4.13234	4.39664026206018	4.055651702415783	0.24034204745318588	0.4273888114658349	0.3322691410809792	0.5456427931785583	0.20841673016548157	0.0	0.00429745697973037	20.907981216883908	11.776333656865024	17.552846953201485	256	256	160	2.053811240634397	9.006949284527867	10.679858720488552	20.97881563630339	23.0258807580006	70.07503484987747	67.99776491126046	110.89237912590333	1.0	0.9999999403953552	1.0000267028808594	3.218670774764819	5.907722994302886	9.959091826404276	3.9846986066550016	2093149.0	0.0	37.57001543417573	13.371238186722085	0.19070001914235046	100.80263349136239	214.02524312364463	207.6369519662112	36511.0	54.89776194654405	388.95212342217565	101.0969773433211	0.44097218477375266	66.13273911908202	630.4977906966601	631.904889896512	32106.0	513.160871418193	743.6813782397658	70.15639024297391	0.40275985867356257	45.168762093584355	998.5602602608192	999.9771926198155	188968.0	918.5151527906768	1075.336951154191	47.665919948101866	0.15005133183793548	0.4729520835570534	0.5134110333035522	0.7267537109665889
sub-2530_T1w	0.33432391451188265	4.028433794928407	0.5990647278325215	5224.974908954829	4.051514732671928	4.05693	4.21962	3.877994198015783	0.22522627781217983	0.41767521768503135	0.35709850450278885	0.5317593812942505	0.1789632529020309	0.0	0.00351691953007591	17.379678311915917	9.442838968398325	13.08917337778175	256	256	160	2.082498959591749	8.028983227011713	9.61248834666813	18.72598285340093	24.9764776310739	71.10272795970378	70.4298036015497	115.2102052138714	1.0	1.0	0.9999808669090271	3.2589901185409467	5.686568907266916	11.906344306772526	3.8355324417352676	1774320.0	0.0	46.245562583208084	16.4850745458858	0.21461623241116623	104.38915779768553	223.60392629234684	216.79525227099657	38196.0	61.51098170131445	401.7281886152923	104.10205168292794	0.24099539372814371	75.29017233221397	616.8946791575481	617.1700458675623	36153.0	489.57612779438494	740.9371984302998	76.86670812837758	0.19928254767331532	52.70637010049679	998.872506592148	1000.0219355374575	261148.0	909.6129565536976	1084.16255864501	53.40280554026468	0.14372236975515718	0.44791993297206384	0.48758388053999185	0.7935251809634175
sub-2532_T1w	0.30775852727671915	4.255153188822657	0.5571209014532745	4431.3984765625	4.228777193461669	4.16044	4.42508	4.100811580385006	0.2401969158085573	0.42560335916251507	0.33419972502892764	0.5442955493927002	0.1708670765161514	0.0	0.003945473633941949	20.873379380114777	11.844813511127418	17.757525183388253	256	256	160	2.1138833682889175	8.713995875445733	10.422115213988075	20.438466398229576	19.77964352289405	64.58763586531717	62.56683043796795	103.33321192569265	1.0	1.0	0.9999313354492188	3.2712175167821327	6.340036907654836	10.804719936640968	4.276289910078049	1775786.0	0.0	41.95457600802183	15.037794561864892	0.381919776257428	89.24375122756823	197.29305697377868	191.41612335294485	34746.0	53.76652313768864	352.6113930121064	90.55058178643723	0.3258118865378026	68.19405551892153	624.1576344190086	625.0423502102494	40035.0	502.855188511312	740.1971010021864	71.727661212667	0.2831156593071831	47.202347952722896	999.1075018122426	999.9999654963613	196116.0	917.0034363269806	1077.9379566013813	48.927223623212136	0.15580451046889685	0.4722715155501405	0.5077423782894757	0.6482041747654863
sub-2533_T1w	0.30839711904071737	4.281660906961747	0.5296226284814396	20118.522908336134	4.177744338816994	4.2245	4.323590257706062	3.9851427587449217	0.2267934215257366	0.4306849324833999	0.34252164599086354	0.42900413274765015	0.11429353356361388	0.0	0.0042069618394686625	23.221662018962633	12.472933456011365	18.236492162724108	256	256	160	1.9921209377971838	8.738736332887413	10.802097095577407	21.67543401604762	34.17226884434786	102.09835692435006	99.48723136610248	162.19106832960952	1.0	0.9999999403953552	0.9999390840530396	10.387685394460357	4.039287786624242	8.856805308742722	2.724458210170269	2020589.0	0.0	35.95459244027734	13.063219146229331	0.10311234465054175	108.99956890875417	216.6260174590711	210.69143491983414	28257.0	51.14551094546914	395.1042320124803	105.7605001590209	0.21261358317420465	70.28972762027185	629.6507540103507	629.4943253938109	38605.0	511.2487111054361	747.3230150166899	72.03400449977167	0.3259295006542664	43.97315567711391	997.9151372567329	1000.0000021420419	190029.0	919.2652238473296	1071.5170301590115	46.1350564062925	0.14702227585495792	0.4824421957607477	0.5206167206468291	0.8451349804848362
sub-2534_T1w	0.301623412508948	4.293559439337194	0.5492914545968016	12670.24640479196	3.9923568364194	3.972	4.13966	3.8654105092581994	0.24404967452186102	0.4502696512252643	0.3056806742528747	0.540475457906723	0.16322955936193467	0.0	0.003495871625833681	23.142092338463247	12.642565993670276	20.77604977601987	256	256	160	2.0809243291397017	8.857408520751488	10.256112469058372	19.830004557283928	27.905479409899193	84.38943734245846	82.59477304176278	135.4894023729307	1.0	1.0	1.0000076293945312	26.433238100761244	4.835333224952101	9.85853646155956	3.2613826990127563	1852179.0	0.0	40.20941564440727	15.1103158461649	0.5094124350967628	96.38855047108463	211.6214861787811	205.96060873568058	29335.0	54.97360929697752	382.33918900340797	98.97385278693689	0.4057462854976004	66.70851166266155	621.6338153018017	622.8489978834987	37990.0	502.82045915052294	734.2520376361906	70.31862636024277	0.47194469015017715	47.049064734895765	998.1960049147174	1000.0000136196613	143710.0	913.2086121886969	1079.174369931221	50.42845711385584	0.14095993503577964	0.4759093118590428	0.47986885707236576	0.7898770391806763
sub-2535_T1w	0.3093631602868597	4.251245059088715	0.6029064984487998	12869.0300923744	4.184146305063552	4.0987102443021675	4.35921	4.09451867088849	0.2256865353383026	0.4205944669365375	0.3537189977251599	0.48080408573150635	0.14325964450836182	0.0	0.0033551155082641123	17.765608129727955	9.639879907543413	13.64347254615431	256	256	160	2.041026940079119	8.180816974862191	10.11197030907818	20.11406701229323	27.913257929794515	86.26567134084424	84.96788946255238	140.72473911701837	0.9999999403953552	1.0	0.9999465942382812	8.838735881870614	4.655446026241844	9.640072583607573	3.1400506272912025	1466831.0	0.0	38.95360102504492	14.139258082918078	0.32541868942632446	97.16670793960174	203.2147220901577	198.35360347665846	33377.0	49.30728147178888	368.80743279866846	97.18178047919822	0.24200284427858243	72.41105913789679	612.1058415312084	613.0100187454373	53091.0	486.7078472301364	733.3185125431046	74.93191051712418	0.31920458146113484	47.30939745586306	997.572201275694	1000.0000420007855	263319.0	912.7999874185771	1076.93128236942	49.71635734086979	0.13970364616103084	0.4537408315525865	0.5058837822736405	0.8478835740883988
